Distance host 0(m),Distance host 1(m),Distance host 2(m),Likelihood position X (m),Likelihood position Y (m),Real position X (m),Real position Y (m)
9.99973,7.05996,7.08784,100.02,95.0046,100.053,95,
10,7.01709,7.13056,100.08,95.0042,100.114,95,
10.0006,6.97542,7.17403,100.141,95.0049,100.174,95,
10.0017,6.9312,7.21825,100.203,95.0039,100.234,95,
6.89583,7.25588,10.0033,100.255,95.0034,100.294,95,
10.0044,7.29395,6.84966,100.314,94.9972,100.347,95,
10.0063,7.33562,6.81143,100.371,94.9977,100.404,95,
6.78535,10.0087,7.38089,100.422,95.0085,100.459,95,
6.74233,10.0114,7.42526,100.484,95.0068,100.518,95,
10.0141,6.69916,7.47038,100.546,95.006,100.58,95,
7.50201,6.66019,10.0183,100.596,94.9952,100.635,95,
10.0207,7.54743,6.61987,100.657,94.9978,100.69,95,
10.0248,7.59329,6.58059,100.718,94.9985,100.75,95,
10.0288,7.63451,6.54522,100.772,94.9986,100.804,95,
7.67274,6.51149,10.0347,100.824,94.9941,100.864,95,
7.71966,10.0393,6.46802,100.888,94.9927,100.926,95,
6.44314,10.0444,7.77332,100.946,95.0079,100.981,95,
7.8039,10.0498,6.39817,100.998,94.992,101.037,95,
7.84647,10.0552,6.36519,101.053,94.9935,101.087,95,
10.0613,7.90088,6.32472,101.121,94.9983,101.163,95,
6.29099,10.0702,7.96249,101.191,95.008,101.227,95,
10.0768,8.01225,6.23658,101.265,95.0004,101.315,95,
10.0873,6.20016,8.07461,101.338,95.0068,101.37,95,
10.0952,8.11463,6.16118,101.394,94.999,101.428,95,
10.1039,8.16305,6.12596,101.455,94.9992,101.488,95,
6.10258,8.20637,10.1144,101.505,94.9992,101.549,95,
10.121,6.06465,8.25973,101.572,95.0067,101.601,95,
10.1294,8.29885,6.02868,101.626,95.0003,101.661,95,
10.1391,6.00065,8.35102,101.687,95.0072,101.718,95,
8.38864,5.96662,10.152,101.738,94.9921,101.78,95,
8.43121,5.93799,10.1615,101.791,94.9917,101.835,95,
8.47978,10.1706,5.90276,101.853,94.9933,101.891,95,
10.179,5.87848,8.53464,101.914,95.0086,101.946,95,
8.56777,10.1911,5.8446,101.962,94.9924,102.002,95,
8.61619,5.81852,10.2039,102.019,94.9928,102.056,95,
10.2118,8.66595,5.78734,102.08,95.0015,102.114,95,
10.2237,5.76276,8.71722,102.139,95.0076,102.169,95,
5.73953,8.75604,10.2378,102.186,94.9993,102.222,95,
10.2471,8.80266,5.7049,102.247,95.0014,102.281,95,
10.2611,5.67867,8.85962,102.312,95.0079,102.343,95,
8.89289,5.65349,10.277,102.356,94.9905,102.402,95,
10.2878,8.95075,5.62096,102.426,95.0016,102.46,95,
8.99527,10.3042,5.59368,102.481,94.9926,102.521,95,
5.57539,9.04669,10.3195,102.538,94.9973,102.576,95,
5.55186,10.3311,9.09855,102.598,95.0071,102.63,95,
5.52398,10.3475,9.15656,102.666,95.0108,102.712,95,
5.49265,10.3665,9.21457,102.737,95.0074,102.769,95,
9.2486,5.46717,10.3833,102.782,94.99,102.824,95,
9.29566,5.44468,10.3989,102.838,94.989,102.883,95,
5.42489,9.35248,10.4151,102.902,94.9975,102.941,95,
10.4265,9.39894,5.39806,102.96,95.0028,102.993,95,
10.4418,9.44421,5.37813,103.013,95.0028,103.048,95,
10.4598,5.35714,9.50402,103.081,95.0106,103.112,95,
9.53985,5.33765,10.4809,103.126,94.99,103.165,95,
10.4929,9.59171,5.31667,103.187,95.0033,103.22,95,
10.51,5.30018,9.64507,103.247,95.01,103.277,95,
5.28309,9.68944,10.5329,103.299,94.9956,103.338,95,
5.26406,10.5495,9.75195,103.37,95.0112,103.408,95,
5.24382,10.5708,9.80456,103.432,95.0071,103.462,95,
9.84369,10.59,5.22164,103.482,94.9933,103.522,95,
9.8885,5.20859,10.6103,103.533,94.9878,103.576,95,
9.93602,10.6261,5.19151,103.589,94.9923,103.632,95,
5.18026,10.6455,9.99898,103.657,95.0081,103.689,95,
10.6615,5.16482,10.049,103.715,95.0161,103.749,95,
10.0889,5.14909,10.6903,103.764,94.9867,103.809,95,
10.7054,10.146,5.1335,103.829,95.0041,103.864,95,
10.1925,10.7293,5.12016,103.884,94.9934,103.925,95,
5.11131,10.2498,10.7549,103.947,94.9924,103.992,95,
10.3055,5.09542,10.7798,104.012,94.988,104.054,95,
10.3583,10.7996,5.08283,104.073,94.9934,104.114,95,
10.8189,10.4145,5.07264,104.136,95.0048,104.173,95,
5.06499,10.8453,10.4753,104.204,95.0073,104.234,95,
10.8651,5.0548,10.5281,104.265,95.0146,104.295,95,
10.5698,5.04596,10.8955,104.313,94.9879,104.354,95,
10.9118,10.6234,5.03801,104.374,95.0051,104.411,95,
10.6734,5.03157,10.9426,104.43,94.9879,104.472,95,
10.7255,5.02512,10.9672,104.489,94.9866,104.533,95,
5.02032,10.7825,10.991,104.553,94.9931,104.592,95,
11.0111,10.8385,5.01388,104.617,95.0063,104.654,95,
10.8826,11.0376,5.01013,104.666,94.9938,104.711,95,
10.9334,5.00713,11.0653,104.723,94.9864,104.767,95,
5.00489,10.9877,11.089,104.784,94.9923,104.822,95,
5.00264,11.0381,11.1129,104.841,94.9937,104.877,95,
5.00114,11.0884,11.1382,104.897,94.9923,104.935,95,
11.1326,5.00009,11.1628,104.947,94.9861,104.99,95,
11.1794,11.1838,4.99994,104.999,94.9913,105.043,95,
11.2286,11.2074,5.00039,105.054,94.9936,105.094,95,
11.2771,5.00129,11.2362,105.108,94.9841,105.153,95,
11.3268,11.2584,5.00309,105.163,94.9911,105.208,95,
11.2831,5.00533,11.3969,105.242,95.0162,105.271,95,
5.00788,11.4425,11.317,105.293,94.993,105.328,95,
11.4894,11.342,5.01268,105.344,94.9925,105.389,95,
11.5404,11.3686,5.01703,105.4,94.9931,105.441,95,
11.5898,11.3951,5.02212,105.455,94.9924,105.501,95,
5.02662,11.4245,11.6585,105.533,95.0075,105.56,95,
11.4489,11.7043,5.03471,105.582,95.0092,105.621,95,
11.4783,5.04116,11.7657,105.651,95.0171,105.68,95,
11.5057,5.04836,11.8154,105.706,95.0163,105.734,95,
11.8506,5.056,11.5396,105.744,94.9838,105.787,95,
11.9066,11.5667,5.06679,105.805,94.993,105.848,95,
11.955,5.07459,11.5984,105.858,94.9814,105.905,95,
12.0067,11.6224,5.08583,105.915,94.9934,105.96,95,
11.648,12.0659,5.09662,105.981,95.0105,106.017,95,
12.1157,5.10771,11.6885,106.035,94.9819,106.081,95,
5.11821,11.7141,12.1809,106.109,95.0065,106.134,95,
5.12915,12.2209,11.7444,106.152,94.9899,106.186,95,
5.14159,12.2729,11.7739,106.209,94.9905,106.245,95,
12.3188,11.801,5.15958,106.257,94.9922,106.303,95,
11.8252,12.3738,5.17307,106.317,95.0101,106.356,95,
12.4212,5.18686,11.8652,106.369,94.9812,106.416,95,
5.1999,12.4811,11.8958,106.437,94.9899,106.472,95,
5.21609,12.5342,11.9271,106.495,94.9901,106.529,95,
5.23393,12.5917,11.9611,106.558,94.9904,106.592,95,
5.25161,11.9903,12.6559,106.63,95.0107,106.661,95,
12.7015,5.27545,12.0329,106.675,94.9788,106.722,95,
12.755,5.29493,12.065,106.733,94.9799,106.779,95,
12.8127,5.31532,12.0987,106.796,94.983,106.837,95,
12.1203,12.8675,5.33586,106.855,95.0121,106.892,95,
12.1551,12.9241,5.35729,106.917,95.012,106.953,95,
12.9711,12.1923,5.37858,106.966,94.9938,107.01,95,
12.2218,5.39791,13.038,107.043,95.0191,107.07,95,
5.41665,13.0858,12.2636,107.095,94.9893,107.128,95,
12.2888,5.44198,13.146,107.16,95.0202,107.187,95,
5.46357,13.1951,12.3363,107.213,94.9796,107.265,95,
5.49625,12.3745,13.2738,107.299,95.0072,107.324,95,
5.52098,12.4101,13.3307,107.361,95.0085,107.387,95,
5.54871,12.4475,13.3899,107.425,95.0098,107.451,95,
5.57329,12.4822,13.4419,107.481,95.0069,107.507,95,
13.4833,12.518,5.60672,107.518,94.9918,107.565,95,
13.5334,12.5495,5.6319,107.572,94.9946,107.622,95,
13.5873,5.65469,12.5895,107.632,94.9801,107.676,95,
5.67972,13.6497,12.6262,107.703,94.9866,107.738,95,
12.6505,5.71,13.7085,107.766,95.0228,107.793,95,
5.73533,12.6926,13.7644,107.828,95.0074,107.857,95,
12.7244,5.76846,13.8209,107.887,95.0236,107.914,95,
12.7614,13.8675,5.80203,107.932,95.0132,107.973,95,
5.82197,13.9207,12.8094,107.995,94.9761,108.041,95,
13.9789,12.8445,5.86754,108.049,94.9938,108.1,95,
14.0388,12.8849,5.90007,108.114,94.9928,108.16,95,
14.0937,12.9224,5.93229,108.172,94.9924,108.221,95,
14.1537,5.96257,12.9671,108.239,94.9794,108.285,95,
12.9975,5.9972,14.2261,108.321,95.0238,108.348,95,
13.038,6.03212,14.2848,108.383,95.0232,108.41,95,
6.06255,13.0825,14.3418,108.447,95.0069,108.47,95,
6.09598,14.3918,13.1264,108.498,94.984,108.532,95,
6.13001,13.1598,14.4557,108.57,95.0091,108.593,95,
6.16538,14.5058,13.205,108.62,94.9844,108.654,95,
13.2361,14.565,6.2126,108.677,95.0172,108.717,95,
14.6144,6.24393,13.2859,108.73,94.9769,108.776,95,
13.3178,14.6799,6.2859,108.799,95.0142,108.839,95,
13.3585,6.32007,14.7459,108.875,95.0244,108.9,95,
13.3995,6.35695,14.8027,108.935,95.0218,108.961,95,
6.38738,13.4416,14.857,108.997,95.0086,109.02,95,
13.479,14.9087,6.43624,109.042,95.0164,109.082,95,
14.9566,6.46757,13.5266,109.094,94.9795,109.138,95,
6.49665,15.0136,13.5644,109.16,94.9814,109.194,95,
13.5917,15.0664,6.54222,109.21,95.0164,109.248,95,
15.1112,13.6337,6.5782,109.254,94.9934,109.303,95,
6.60503,13.6714,15.1762,109.335,95.0064,109.357,95,
13.7055,6.6467,15.2313,109.391,95.0245,109.415,95,
13.7447,15.2791,6.68972,109.435,95.0183,109.473,95,
13.7812,15.3275,6.72614,109.485,95.0166,109.528,95,
15.3795,6.76227,13.8341,109.54,94.9747,109.588,95,
13.8642,6.80049,15.4489,109.621,95.0242,109.645,95,
6.83407,15.5093,13.9233,109.692,94.9764,109.73,95,
13.9594,6.89508,15.5801,109.76,95.0276,109.785,95,
15.6177,6.93285,14.0092,109.792,94.9732,109.84,95,
6.96613,14.0414,15.6818,109.87,95.0063,109.889,95,
7.0045,15.7283,14.0853,109.916,94.9826,109.947,95,
7.04632,15.7865,14.1279,109.978,94.9835,110,95.0087,
7.05217,15.8006,14.1121,109.996,95.0543,110,95.0715,
7.00705,14.073,15.7769,109.991,95.0955,110,95.1496,
14.0255,15.7572,6.94409,110.004,95.1541,110,95.21,
15.7424,6.91052,13.9762,110.003,95.2456,110,95.2656,
6.87544,15.7226,13.9342,109.996,95.3074,110,95.3254,
15.7084,13.9009,6.82657,110.008,95.3442,110,95.3816,
13.8687,15.6902,6.7912,110.003,95.3811,110,95.4307,
6.76692,15.6758,13.8249,109.997,95.4633,110,95.4809,
13.796,6.72479,15.6576,109.997,95.4861,110,95.5392,
6.69392,15.6439,13.7491,109.996,95.5733,110,95.5924,
13.7178,6.64865,15.6246,109.996,95.5989,110,95.6556,
13.6743,15.6087,6.60113,110.003,95.6617,110,95.7193,
6.57115,15.5924,13.6217,109.997,95.7601,110,95.7782,
6.53338,15.5766,13.5827,109.997,95.8168,110,95.8341,
6.50115,13.5518,15.5603,109.993,95.8542,110,95.8913,
15.5478,6.45573,13.5037,110.003,95.9356,110,95.9547,
13.4748,15.5301,6.41271,110.003,95.9585,110,96.0139,
6.38543,15.5146,13.4237,109.996,96.0543,110,96.0734,
6.34706,15.4985,13.3823,109.996,96.1159,110,96.1363,
13.3522,15.4838,6.30029,110.003,96.1441,110,96.1958,
13.3129,6.26776,15.4654,109.995,96.1999,110,96.2699,
13.2636,15.451,6.21919,110.003,96.2784,110,96.3297,
13.2274,6.19131,15.4363,109.997,96.3341,110,96.3838,
13.1898,6.15624,15.4224,109.998,96.3903,110,96.4431,
15.4135,13.1499,6.12206,110.005,96.4607,110,96.4939,
13.1204,15.4,6.09253,110.002,96.4995,110,96.5447,
13.0849,6.06465,15.3855,109.997,96.5532,110,96.6066,
13.0465,6.03122,15.3731,109.998,96.6142,110,96.6628,
15.3645,6.00185,13.0036,110.002,96.695,110,96.7155,
5.97232,15.3498,12.9639,109.997,96.7579,110,96.7789,
15.3378,5.93349,12.9247,110.002,96.8181,110,96.8405,
5.90591,15.3243,12.8873,109.998,96.8774,110,96.8982,
12.8617,15.3132,5.86844,110.003,96.9044,110,96.9566,
5.84775,15.3022,12.8175,109.998,96.9888,110,97.0092,
15.293,12.7897,5.81298,110.004,97.0256,110,97.0645,
12.7547,15.2797,5.78135,110.002,97.0765,110,97.1255,
15.2695,5.75497,12.7088,110.002,97.1625,110,97.1857,
12.6805,15.257,5.72124,110.002,97.1961,110,97.2488,
15.2483,12.6421,5.69441,110.004,97.2646,110,97.3032,
5.67462,12.6021,15.2341,109.994,97.3327,110,97.3768,
12.5669,15.2241,5.6334,110.002,97.3828,110,97.4336,
5.61241,15.2139,12.5186,109.998,97.4766,110,97.5078,
15.2023,5.57539,12.476,110.001,97.5447,110,97.5688,
12.4526,15.1929,5.54841,110.002,97.5736,110,97.6241,
5.53177,15.1843,12.411,109.998,97.655,110,97.6779,
15.1764,5.50404,12.3778,110.001,97.7098,110,97.7329,
5.4826,15.1665,12.3428,109.998,97.7697,110,97.794,
15.1598,12.3153,5.45442,110.003,97.8117,110,97.8499,
12.2879,5.43644,15.1496,109.998,97.854,110,97.9052,
12.2536,5.4135,15.1413,109.998,97.9133,110,97.9644,
5.39327,15.1331,12.2032,109.996,98.013,110,98.0488,
5.36119,15.1223,12.1573,109.997,98.0912,110,98.1242,
5.33436,15.1137,12.1187,109.998,98.1578,110,98.1831,
15.1074,12.0893,5.30947,110.002,98.2062,110,98.2408,
5.29643,12.0592,15.0993,109.997,98.2598,110,98.2988,
12.0274,15.0931,5.27095,110.001,98.3134,110,98.3611,
5.25626,11.9884,15.0856,109.997,98.3879,110,98.4251,
15.0808,11.9556,5.23348,110.002,98.4474,110,98.4813,
5.21984,15.074,11.9191,109.999,98.517,110,98.5429,
5.20275,15.068,11.8856,109.999,98.579,110,98.6043,
15.0634,11.859,5.18356,110.002,98.625,110,98.6596,
5.17247,11.8291,15.0572,109.998,98.6811,110,98.7161,
5.15838,15.0529,11.7952,109.999,98.7473,110,98.772,
15.0487,5.14279,11.7646,110.001,98.805,110,98.8306,
15.0442,5.1299,11.7349,110.001,98.8613,110,98.8875,
11.7109,5.11641,15.0386,109.999,98.9023,110,98.9488,
15.0355,5.10427,11.6712,110.001,98.9842,110,99.011,
5.09452,15.0313,11.6424,109.999,99.0401,110,99.066,
15.0283,5.08343,11.6156,110,99.0923,110,99.1181,
5.07399,15.0244,11.585,109.999,99.1526,110,99.18,
11.564,5.06364,15.0208,109.999,99.1905,110,99.2365,
15.0186,11.5306,5.05345,110.001,99.2592,110,99.2921,
15.0162,5.04731,11.5015,110,99.3195,110,99.3466,
15.0133,5.03936,11.4711,110,99.3811,110,99.4085,
15.0111,5.03262,11.4435,110,99.4375,110,99.4644,
15.0087,11.4168,5.02497,110,99.4911,110,99.5269,
5.02122,11.3912,15.0066,109.999,99.5445,110,99.5783,
5.01658,11.3657,15.0051,109.999,99.5979,110,99.634,
15.004,5.01163,11.3343,110,99.6653,110,99.6911,
5.00848,15.0027,11.3088,110,99.7194,110,99.7467,
11.2903,5.00548,15.0015,109.999,99.7578,110,99.802,
5.00324,15.001,11.2569,110,99.8313,110,99.8586,
15.0003,11.2326,5.00114,110,99.8838,110,99.9205,
15,5.00024,11.2047,110,99.9454,110,99.9725,
15,4.99979,11.1766,110,100.008,110,100.039,
11.1562,15,5.00039,110,100.054,110,100.1,
15.0003,11.1251,5.00159,110,100.124,110,100.161,
15.0009,11.1018,5.00324,110,100.178,110,100.215,
15.0016,11.0746,5.00608,109.999,100.241,110,100.278,
15.0027,11.0511,5.00908,109.999,100.296,110,100.331,
5.01178,15.0043,11.0192,110.001,100.37,110,100.409,
10.9992,5.01808,15.0061,110,100.42,110,100.461,
5.02272,15.0076,10.9687,110,100.492,110,100.522,
15.0096,5.02992,10.9433,109.999,100.554,110,100.583,
10.9246,15.0123,5.03786,109.999,100.603,110,100.647,
10.8979,5.04521,15.0153,110,100.669,110,100.711,
5.05255,10.8718,15.0183,110.001,100.734,110,100.773,
10.8517,5.06215,15.0213,110.001,100.787,110,100.831,
10.8284,15.0241,5.07309,109.999,100.848,110,100.886,
15.0266,5.08088,10.8033,109.999,100.91,110,100.942,
15.0304,5.09242,10.7801,109.999,100.971,110,101.003,
10.7628,5.10427,15.0355,110.001,101.022,110,101.062,
15.0388,5.11671,10.7354,109.999,101.092,110,101.123,
15.043,5.1293,10.7147,109.999,101.15,110,101.178,
15.0472,5.14159,10.6954,109.999,101.204,110,101.235,
15.0515,5.15448,10.6759,109.999,101.258,110,101.29,
10.662,5.16812,15.0575,110.001,101.304,110,101.344,
15.0611,5.18281,10.6368,109.999,101.371,110,101.404,
5.19735,15.0674,10.6169,110.001,101.43,110,101.461,
15.0724,10.5999,5.21759,109.998,101.484,110,101.519,
10.583,15.079,5.23423,109.999,101.539,110,101.575,
15.0841,10.5612,5.25236,109.997,101.602,110,101.638,
5.26436,10.5439,15.0919,110.003,101.657,110,101.693,
15.0971,5.28654,10.5221,109.999,101.722,110,101.756,
15.1034,5.30468,10.505,109.999,101.777,110,101.811,
5.32177,10.49,15.1122,110.003,101.831,110,101.869,
10.4747,5.34455,15.1191,110.001,101.886,110,101.924,
15.1253,5.36718,10.4524,109.998,101.954,110,101.987,
15.1326,5.38787,10.4355,109.998,102.011,110,102.047,
10.4224,15.1421,5.41425,109.998,102.067,110,102.106,
5.43074,15.1499,10.4026,110.001,102.129,110,102.16,
15.156,5.45427,10.3881,109.998,102.181,110,102.216,
15.1644,5.47676,10.3728,109.998,102.238,110,102.273,
15.1741,10.358,5.50659,109.997,102.3,110,102.336,
15.1828,5.52847,10.341,109.998,102.36,110,102.394,
15.1924,10.3276,5.55815,109.996,102.419,110,102.457,
10.3153,15.2028,5.58214,109.998,102.474,110,102.511,
10.3009,15.2124,5.60972,109.997,102.533,110,102.573,
5.62905,10.2853,15.2236,110.004,102.594,110,102.63,
15.2308,10.2724,5.66188,109.996,102.65,110,102.686,
10.2608,5.68676,15.244,110.002,102.707,110,102.747,
5.71225,10.2453,15.2549,110.004,102.771,110,102.806,
15.2629,10.233,5.74807,109.996,102.828,110,102.864,
15.2735,10.2207,5.7773,109.995,102.887,110,102.923,
15.2843,10.2093,5.80518,109.996,102.943,110,102.978,
10.1988,5.83216,15.2989,110.002,103.002,110,103.04,
10.1865,5.86544,15.3115,110.002,103.066,110,103.102,
10.1748,5.89857,15.3242,110.002,103.129,110,103.166,
5.92495,10.1603,15.3393,110.01,103.197,110,103.253,
15.3515,10.1475,5.98026,109.995,103.274,110,103.31,
6.0017,15.3644,10.1373,110.002,103.328,110,103.365,
6.03677,10.1286,15.3798,110.005,103.39,110,103.425,
15.3891,6.07245,10.1181,109.997,103.447,110,103.489,
15.4036,6.11052,10.1087,109.997,103.512,110,103.55,
10.1029,15.4186,6.14694,109.997,103.569,110,103.604,
15.4296,6.17453,10.0931,109.997,103.623,110,103.661,
10.087,15.4455,6.21455,109.997,103.684,110,103.718,
15.4564,6.24168,10.0784,109.997,103.735,110,103.772,
6.27406,15.4729,10.0709,110.002,103.796,110,103.836,
6.31273,15.4889,10.0636,110.003,103.86,110,103.898,
10.0585,6.35425,15.5059,110.003,103.923,110,103.956,
15.5161,6.38768,10.0514,109.997,103.974,110,104.012,
15.5312,6.4265,10.0454,109.996,104.035,110,104.072,
15.5465,6.46323,10.04,109.996,104.093,110,104.132,
6.4953,10.0356,15.5666,110.006,104.154,110,104.191,
6.53338,10.0306,15.5831,110.007,104.215,110,104.253,
15.5958,10.026,6.58449,109.994,104.277,110,104.313,
10.0225,15.6132,6.62167,109.996,104.336,110,104.371,
6.65209,15.6307,10.0177,110.003,104.393,110,104.433,
15.6438,10.0149,6.69916,109.992,104.451,110,104.488,
10.0123,6.73289,15.6651,110.003,104.512,110,104.544,
15.6779,10.0086,6.7885,109.986,104.577,110,104.637,
6.82627,10.0059,15.7075,110.006,104.654,110,104.69,
10.0044,6.8681,15.7235,110.003,104.711,110,104.744,
6.90497,10.0024,15.742,110.007,104.77,110,104.805,
6.94709,10.0012,15.7604,110.006,104.83,110,104.865,
6.98397,10.0005,15.7769,110.007,104.883,110,104.918,
15.7911,7.03133,10,109.996,104.94,110,104.981,
9.99973,7.06971,15.8133,110.004,105.003,110,105.035,
10,7.11273,15.8323,110.004,105.063,110,105.095,
15.8463,7.1538,10.0006,109.996,105.113,110,105.153,
7.19337,15.8688,10.0017,110.004,105.175,110,105.216,
10.0026,15.8877,7.24553,109.996,105.241,110,105.274,
7.27401,15.9055,10.0042,110.004,105.286,110,105.328,
15.9226,7.32168,10.0062,109.996,105.344,110,105.382,
7.35556,15.9428,10.0083,110.003,105.397,110,105.437,
7.39513,10.0102,15.9642,110.008,105.457,110,105.493,
7.4404,10.0134,15.9848,110.008,105.517,110,105.554,
7.48282,10.0164,16.0052,110.009,105.575,110,105.612,
7.53049,10.0203,16.0271,110.008,105.638,110,105.674,
16.0435,10.0243,7.5867,109.992,105.699,110,105.734,
16.065,10.0287,7.63152,109.992,105.759,110,105.795,
16.0842,10.0329,7.67289,109.991,105.813,110,105.849,
7.70512,16.1078,10.0384,110.005,105.865,110,105.906,
10.0421,16.1288,7.76103,109.995,105.934,110,105.964,
7.79595,10.0486,16.1537,110.008,105.989,110,106.024,
10.0534,7.84377,16.1752,110.006,106.051,110,106.083,
10.0604,16.196,7.89923,109.996,106.114,110,106.145,
10.0664,7.93835,16.2201,110.004,106.172,110,106.202,
7.98107,10.075,16.2441,110.009,106.228,110,106.263,
16.2591,8.02964,10.0828,109.994,106.275,110,106.319,
8.07086,10.0895,16.2885,110.009,106.343,110,106.378,
10.0966,16.3092,8.12887,109.996,106.409,110,106.438,
8.1629,16.3315,10.1068,110.004,106.453,110,106.495,
8.20682,10.1142,16.3574,110.011,106.516,110,106.554,
10.1214,16.3769,8.26363,109.996,106.58,110,106.608,
10.1309,16.4007,8.3128,109.994,106.641,110,106.671,
16.4222,8.35447,10.1433,109.995,106.686,110,106.727,
16.4456,8.40018,10.1531,109.995,106.743,110,106.786,
8.44021,16.4718,10.1631,110.004,106.799,110,106.843,
10.17,16.4941,8.49552,109.994,106.869,110,106.898,
10.1805,16.518,8.54064,109.995,106.925,110,106.953,
10.1914,8.58081,16.5446,110.005,106.981,110,107.009,
10.203,16.5664,8.63462,109.994,107.04,110,107.069,
10.2147,16.5925,8.68334,109.995,107.102,110,107.129,
10.2258,8.72231,16.6184,110.005,107.156,110,107.183,
16.6353,10.2393,8.77163,109.99,107.2,110,107.235,
16.6599,10.2513,8.81899,109.989,107.258,110,107.293,
8.85422,16.6884,10.2662,110.005,107.305,110,107.353,
16.7095,8.90668,10.2785,109.994,107.362,110,107.405,
16.7322,8.94836,10.2911,109.995,107.411,110,107.46,
8.99572,10.304,16.7666,110.01,107.485,110,107.519,
10.3153,16.7878,9.05223,109.994,107.548,110,107.576,
10.3308,9.09885,16.8194,110.005,107.611,110,107.638,
9.14172,16.8428,10.3499,110.005,107.651,110,107.698,
16.8681,9.20018,10.3664,109.995,107.713,110,107.761,
10.3775,9.24845,16.9008,110.005,107.789,110,107.815,
16.9182,10.3935,9.29851,109.988,107.832,110,107.868,
9.33644,10.4098,16.9537,110.013,107.893,110,107.931,
9.38875,10.4272,16.9819,110.012,107.954,110,107.991,
9.43972,17.0081,10.447,110.008,108.005,110,108.054,
17.03,9.49383,10.4628,109.994,108.061,110,108.106,
10.4753,9.54239,17.0633,110.005,108.137,110,108.163,
17.0829,10.4941,9.59456,109.989,108.182,110,108.216,
17.1084,9.63443,10.5124,109.994,108.225,110,108.271,
9.67865,10.5292,17.145,110.014,108.295,110,108.334,
9.72931,10.5471,17.1727,110.012,108.354,110,108.39,
9.77983,17.1974,10.568,110.005,108.402,110,108.446,
9.82525,10.584,17.2282,110.014,108.465,110,108.504,
10.599,9.88071,17.255,110.005,108.534,110,108.557,
17.2776,10.6219,9.93827,109.987,108.582,110,108.616,
10.6381,17.3081,9.98474,109.994,108.646,110,108.672,
10.6584,10.0302,17.3412,110.006,108.706,110,108.731,
10.07,10.6797,17.3689,110.014,108.749,110,108.786,
17.3898,10.7089,10.157,109.962,108.81,110,108.898,
10.2214,10.7416,17.4571,110.014,108.923,110,108.96,
17.4795,10.7633,10.2853,109.987,108.981,110,109.015,
10.3261,10.7889,17.5247,110.024,109.047,110,109.103,
10.3986,17.5573,10.8197,110.006,109.113,110,109.161,
17.5834,10.4544,10.8424,109.994,109.168,110,109.22,
17.6146,10.8625,10.5139,109.987,109.241,110,109.278,
10.5471,17.6453,10.8853,110.006,109.281,110,109.327,
10.9014,17.6782,10.617,109.99,109.378,110,109.406,
10.662,17.7143,10.9379,110.006,109.41,110,109.459,
17.7452,10.7246,10.9654,109.994,109.472,110,109.538,
17.7846,10.9916,10.7981,109.985,109.563,110,109.6,
17.8195,10.8471,11.0211,109.994,109.613,110,109.662,
11.0379,17.858,10.9108,109.993,109.714,110,109.736,
10.9574,11.0737,17.8996,110.016,109.76,110,109.797,
11.0971,11.018,17.9325,110.009,109.834,110,109.857,
11.1229,17.961,11.0796,109.992,109.896,110,109.917,
11.1202,11.1541,17.9985,110.014,109.939,110,109.976,
11.1728,11.1704,18.0117,109.979,109.985,109.962,110,
11.1554,11.1248,17.9697,109.923,109.991,109.901,110,
11.0781,11.1262,17.9199,109.867,109.973,109.842,110,
11.0283,11.1021,17.8739,109.811,109.974,109.787,110,
17.8365,11.0751,10.9607,109.774,110.026,109.726,110,
17.7891,11.0518,10.91,109.715,110.027,109.669,110,
11.0291,10.8646,17.7264,109.629,109.989,109.608,110,
11.0063,10.8158,17.6833,109.578,109.994,109.557,110,
10.7703,10.9788,17.6335,109.52,109.974,109.495,110,
10.7155,17.5888,10.9502,109.473,109.982,109.434,110,
17.5485,10.9309,10.6516,109.423,110.026,109.377,110,
17.4972,10.9053,10.5972,109.361,110.024,109.315,110,
17.44,10.5398,10.8724,109.297,110.009,109.225,110,
17.3716,10.4688,10.8424,109.211,110.007,109.161,110,
10.8246,10.4155,17.3079,109.12,109.988,109.093,110,
10.3644,17.2634,10.7942,109.076,109.985,109.036,110,
10.3117,17.2144,10.7723,109.015,109.986,108.978,110,
10.2653,10.7546,17.1639,108.947,109.975,108.921,110,
17.1309,10.2102,10.7309,108.916,110.006,108.864,110,
10.715,10.158,17.0697,108.828,109.991,108.805,110,
17.0342,10.6904,10.0982,108.794,110.025,108.744,110,
10.0585,16.9778,10.6669,108.723,109.984,108.685,110,
16.9342,9.99973,10.6449,108.673,110.005,108.611,110,
10.6266,9.93737,16.865,108.575,109.992,108.551,110,
9.88506,10.6016,16.8098,108.509,109.977,108.477,110,
10.5804,9.81865,16.7547,108.439,109.993,108.414,110,
16.722,10.5609,9.76559,108.405,110.021,108.359,110,
10.5443,16.67,9.71462,108.335,110.016,108.3,110,
10.5263,9.6731,16.6178,108.267,109.991,108.243,110,
9.63038,16.5782,10.504,108.225,109.984,108.186,110,
16.5303,9.56518,10.4828,108.168,110.008,108.103,110,
10.4647,16.4628,9.49398,108.076,110.013,108.044,110,
16.4259,9.45485,10.4448,108.036,110.006,107.987,110,
16.3781,9.40359,10.4281,107.975,110.007,107.929,110,
9.35922,16.3262,10.4115,107.907,109.988,107.87,110,
16.2861,9.30541,10.3958,107.858,110.006,107.814,110,
10.3848,16.2389,9.25354,107.793,110.014,107.758,110,
10.3688,16.1912,9.20273,107.732,110.014,107.698,110,
16.1503,9.15941,10.3494,107.686,110.008,107.638,110,
16.1059,10.3368,9.1059,107.627,110.021,107.582,110,
9.06782,10.319,16.0357,107.533,109.959,107.491,110,
15.9884,8.98598,10.2977,107.479,110.009,107.43,110,
8.94116,15.9337,10.283,107.407,109.987,107.367,110,
8.89169,15.8874,10.2698,107.347,109.988,107.31,110,
10.2608,8.84133,15.8392,107.28,109.991,107.254,110,
10.2483,15.8024,8.78976,107.234,110.011,107.203,110,
10.2361,8.74899,15.753,107.169,109.992,107.143,110,
8.71167,10.2232,15.7112,107.116,109.979,107.089,110,
10.2123,8.65546,15.6649,107.055,109.992,107.029,110,
8.61004,10.1986,15.6169,106.994,109.982,106.967,110,
15.5817,8.55443,10.1853,106.952,110.009,106.906,110,
10.1775,8.51021,15.5286,106.878,109.994,106.852,110,
8.47034,10.1661,15.4831,106.819,109.979,106.792,110,
8.42177,10.1552,15.4374,106.759,109.979,106.732,110,
15.4018,10.1445,8.35881,106.715,110.019,106.67,110,
15.3551,8.31519,10.1327,106.655,110.008,106.606,110,
10.1255,15.3017,8.25973,106.581,110.011,106.545,110,
8.22885,10.1159,15.2542,106.518,109.98,106.49,110,
8.18493,10.108,15.2148,106.466,109.984,106.441,110,
15.18,8.13277,10.0984,106.423,110.006,106.378,110,
15.1346,10.091,8.07866,106.361,110.018,106.316,110,
10.0841,15.0854,8.03369,106.294,110.009,106.261,110,
10.078,15.047,7.99247,106.242,110.011,106.206,110,
10.0711,7.95349,14.9991,106.177,109.994,106.15,110,
14.965,7.90658,10.0621,106.135,110.009,106.088,110,
7.8709,10.0571,14.9133,106.063,109.983,106.036,110,
7.83043,14.8805,10.051,106.02,109.991,105.983,110,
14.8456,7.78366,10.0456,105.974,110.007,105.93,110,
7.74604,10.0411,14.793,105.9,109.983,105.872,110,
10.0363,14.7535,7.68863,105.847,110.008,105.814,110,
7.6546,14.7036,10.0294,105.78,109.98,105.725,110,
7.58865,10.024,14.6356,105.686,109.975,105.649,110,
7.53034,10.0194,14.583,105.614,109.982,105.585,110,
14.5534,7.48237,10.0155,105.575,110.007,105.532,110,
7.44834,10.0131,14.5038,105.505,109.983,105.477,110,
10.0105,14.4674,7.39528,105.455,110.007,105.422,110,
7.36665,10.008,14.4238,105.394,109.983,105.365,110,
7.32333,10.0059,14.3825,105.337,109.986,105.311,110,
10.0041,14.346,7.27087,105.286,110.008,105.251,110,
7.24104,14.301,10.0021,105.224,109.985,105.179,110,
10.0011,14.2512,7.17583,105.154,110.007,105.119,110,
7.1454,10.0003,14.2051,105.089,109.984,105.061,110,
7.10448,10,14.1655,105.033,109.986,105.004,110,
14.1375,9.99988,7.05517,104.994,110.016,104.948,110,
7.02579,14.0913,10.0002,104.928,109.992,104.892,110,
14.0544,10.0008,6.97362,104.876,110.014,104.832,110,
10.0015,6.9393,14.0033,104.803,109.991,104.773,110,
10.0027,13.9685,6.89298,104.753,110.007,104.717,110,
6.8669,10.0044,13.924,104.69,109.983,104.658,110,
13.8954,6.82238,10.0065,104.648,110.006,104.606,110,
13.8537,10.0087,6.77516,104.588,110.015,104.543,110,
13.8128,6.74158,10.0116,104.528,110.006,104.486,110,
10.0138,13.768,6.69721,104.464,110.006,104.427,110,
6.67038,13.7288,10.0179,104.406,109.993,104.37,110,
13.6933,10.0213,6.61987,104.354,110.014,104.31,110,
10.0246,6.58839,13.6428,104.282,109.99,104.251,110,
13.6143,10.0294,6.54522,104.238,110.013,104.194,110,
6.51629,10.0341,13.5634,104.164,109.986,104.135,110,
6.48106,13.5313,10.0396,104.115,109.994,104.08,110,
10.043,6.44224,13.4902,104.056,109.992,104.026,110,
6.41016,10.0493,13.4514,103.998,109.987,103.969,110,
6.37838,13.4151,10.057,103.941,109.987,103.888,110,
10.0631,13.3653,6.31558,103.868,110.006,103.83,110,
10.0702,6.28305,13.3183,103.798,109.992,103.766,110,
13.2889,6.24708,10.0792,103.75,110.007,103.709,110,
13.2477,6.20915,10.0874,103.687,110.007,103.645,110,
6.18052,10.0939,13.2006,103.619,109.987,103.588,110,
13.175,6.14425,10.1023,103.576,110.007,103.538,110,
6.11682,10.1095,13.1303,103.51,109.989,103.48,110,
10.1168,13.0967,6.07499,103.459,110.003,103.422,110,
13.0677,6.04801,10.1277,103.41,110.009,103.367,110,
6.01758,13.0215,10.1376,103.339,109.995,103.306,110,
5.9876,10.1477,12.9741,103.268,109.98,103.225,110,
10.158,5.94039,12.9321,103.203,109.992,103.173,110,
10.1678,5.91011,12.8959,103.146,109.991,103.113,110,
12.8669,5.87698,10.1825,103.094,110.008,103.051,110,
10.1908,5.84625,12.8205,103.026,109.993,102.994,110,
5.81972,12.7881,10.2055,102.969,109.998,102.932,110,
10.2151,5.7839,12.7448,102.904,109.994,102.875,110,
10.2255,12.7166,5.75362,102.858,110.003,102.817,110,
10.2379,12.6802,5.72559,102.799,110.002,102.761,110,
10.2514,5.6995,12.6379,102.731,109.992,102.7,110,
10.2649,5.67042,12.6012,102.671,109.993,102.64,110,
10.2784,12.5694,5.63865,102.617,110.002,102.577,110,
12.5355,5.61286,10.2974,102.555,110.008,102.513,110,
12.5006,5.58753,10.3108,102.498,110.007,102.458,110,
5.5658,12.463,10.3244,102.437,109.998,102.404,110,
10.3344,5.53897,12.4267,102.381,109.993,102.35,110,
12.4035,10.3503,5.51303,102.336,110.009,102.295,110,
5.49684,12.3676,10.3658,102.275,109.999,102.241,110,
10.377,5.47001,12.3288,102.216,109.992,102.182,110,
5.45083,12.3014,10.3967,102.162,110,102.126,110,
5.42594,12.2648,10.4143,102.098,110,102.062,110,
5.40346,12.2309,10.4307,102.04,110,102.004,110,
12.2029,5.38053,10.446,101.99,110.006,101.953,110,
12.1722,10.4596,5.35774,101.938,110.008,101.895,110,
5.3408,12.1325,10.4809,101.867,110,101.832,110,
10.4938,5.31757,12.0936,101.807,109.991,101.772,110,
10.5136,12.0633,5.29359,101.749,110.001,101.71,110,
5.2792,10.5343,12.026,101.683,109.993,101.651,110,
10.5501,5.25896,11.9935,101.627,109.992,101.593,110,
11.9688,5.24052,10.5762,101.57,110.009,101.52,110,
10.5959,5.21699,11.9135,101.483,109.988,101.434,110,
5.19705,10.6257,11.873,101.403,109.993,101.371,110,
10.6432,11.8448,5.17637,101.351,109.999,101.311,110,
5.16482,10.6666,11.8088,101.284,109.994,101.253,110,
11.7878,10.6852,5.14834,101.239,110.006,101.201,110,
11.76,5.13739,10.7074,101.182,110.008,101.143,110,
5.12525,11.7237,10.7287,101.117,110.001,101.084,110,
5.11356,10.7462,11.691,101.06,109.993,101.028,110,
11.6681,10.7681,5.09842,101.01,110.005,100.969,110,
11.6367,5.08808,10.7943,100.945,110.008,100.906,110,
11.6068,5.07743,10.8165,100.886,110.008,100.848,110,
10.8327,11.5742,5.06694,100.831,109.998,100.794,110,
5.0605,10.8564,11.5435,100.77,109.995,100.737,110,
10.8757,5.05105,11.5159,100.717,109.994,100.684,110,
5.04401,10.9015,11.4864,100.655,109.995,100.623,110,
11.4638,5.03531,10.9291,100.599,110.008,100.561,110,
11.4354,10.9498,5.02812,100.544,110.005,100.503,110,
11.4068,5.02302,10.9763,100.482,110.007,100.445,110,
10.9956,5.01748,11.3714,100.42,109.993,100.385,110,
11.3521,5.01328,11.0249,100.366,110.008,100.329,110,
11.0421,5.00938,11.3188,100.309,109.993,100.275,110,
11.0671,11.2945,5.00563,100.254,109.997,100.212,110,
11.0943,11.2647,5.00324,100.191,109.996,100.15,110,
5.00144,11.1251,11.2328,100.12,109.996,100.088,110,
11.1476,5.00024,11.2065,100.066,109.993,100.029,110,
4.99979,11.1727,11.1721,99.9993,109.982,100,109.966,
11.1334,4.94103,11.1192,100.016,109.938,100,109.902,
11.0808,4.88107,11.0673,100.015,109.881,100,109.846,
11.033,11.0261,4.82096,100.008,109.841,100,109.794,
10.979,10.9733,4.7616,99.9937,109.78,100,109.733,
10.9328,10.9268,4.70914,100.007,109.729,100,109.681,
4.66387,10.8747,10.8679,99.9927,109.643,100,109.62,
10.8296,10.8222,4.59042,100.008,109.613,100,109.561,
10.7763,4.53946,10.7631,99.9858,109.538,100,109.503,
4.49419,10.7237,10.7177,100.006,109.474,100,109.453,
4.44053,10.6756,10.6693,99.9933,109.418,100,109.397,
4.38551,10.6276,10.621,99.993,109.364,100,109.342,
4.32526,10.5752,10.5669,100.009,109.304,100,109.281,
10.5257,10.5196,4.24881,100.006,109.267,100,109.22,
4.20519,10.4697,10.4635,100.006,109.187,100,109.164,
10.4301,10.4235,4.13834,99.9931,109.159,100,109.109,
4.09606,10.3742,10.3682,99.9938,109.078,100,109.054,
4.03671,10.3219,10.3136,99.9915,109.016,100,108.991,
10.2752,3.96835,10.2616,100.014,108.969,100,108.933,
10.2235,10.2177,3.9027,100.006,108.923,100,108.875,
10.1774,10.1706,3.84844,100.007,108.87,100,108.819,
3.79927,10.1148,10.1093,100.006,108.782,100,108.759,
3.74231,10.0648,10.0571,99.9923,108.722,100,108.698,
3.6873,10.0171,10.0098,100.007,108.667,100,108.643,
9.97574,3.62539,9.9633,99.9876,108.625,100,108.59,
3.56948,9.91519,9.90934,99.9942,108.551,100,108.526,
3.51207,9.86407,9.85808,99.9941,108.491,100,108.467,
9.8173,3.44207,9.80501,99.9879,108.441,100,108.405,
3.38855,9.75989,9.7536,99.9939,108.371,100,108.346,
9.71927,9.71268,3.31915,99.9936,108.338,100,108.29,
9.671,3.27164,9.65751,100.013,108.269,100,108.233,
3.22112,9.61464,9.6088,100.006,108.201,100,108.177,
9.57537,3.15801,9.56278,100.012,108.159,100,108.123,
9.52845,3.10435,9.51706,100.011,108.105,100,108.071,
9.48094,3.04754,9.46805,100.012,108.048,100,108.012,
9.43507,2.99388,9.41978,100.014,107.991,100,107.952,
9.38545,9.37946,2.92882,99.9944,107.945,100,107.902,
9.33509,9.32879,2.86781,99.9941,107.886,100,107.839,
9.28307,9.27648,2.80711,99.9939,107.823,100,107.778,
9.23121,9.22506,2.74415,99.9943,107.763,100,107.715,
9.18189,9.17425,2.68554,100.007,107.702,100,107.656,
9.13543,9.13003,2.62888,100.005,107.65,100,107.599,
9.08641,2.58031,9.07292,99.9878,107.578,100,107.541,
2.5325,9.03544,9.02975,100.005,107.517,100,107.493,
9.00007,2.47404,8.98643,99.9877,107.476,100,107.438,
2.41888,8.94131,8.93561,99.9949,107.405,100,107.378,
8.90324,2.35997,8.89139,99.9895,107.359,100,107.323,
2.3096,8.84807,8.84283,100.005,107.291,100,107.265,
8.80535,8.79711,2.23151,99.9927,107.248,100,107.202,
2.18399,8.74749,8.74105,100.006,107.169,100,107.141,
8.70627,8.70073,2.11399,99.9952,107.128,100,107.086,
8.6619,2.06602,8.65096,100.009,107.067,100,107.031,
2.01685,8.60869,8.60344,99.9955,107,100,106.972,
1.95809,8.56132,8.55503,100.005,106.941,100,106.913,
8.5228,1.89469,8.51021,100.011,106.894,100,106.858,
8.47154,1.83023,8.45939,100.01,106.831,100,106.795,
1.77747,8.41532,8.41023,99.9957,106.762,100,106.735,
1.71796,8.36931,8.36346,99.9951,106.704,100,106.675,
8.32763,1.65276,8.31639,99.9906,106.652,100,106.619,
8.28671,1.59864,8.27367,100.011,106.601,100,106.563,
1.54738,8.23185,8.22645,99.9956,106.532,100,106.503,
8.19363,8.18868,1.47813,99.9959,106.491,100,106.449,
8.14836,8.14206,1.41922,99.9949,106.433,100,106.39,
8.10264,8.09694,1.36226,99.9954,106.375,100,106.333,
8.05737,1.31024,8.04613,99.9909,106.311,100,106.276,
1.26273,8.00836,8.00296,100.004,106.25,100,106.221,
7.97088,1.20052,7.95949,99.9909,106.2,100,106.165,
7.92546,7.91782,1.13247,100.006,106.147,100,106.103,
1.08705,7.8724,7.86535,100.006,106.074,100,106.043,
1.02529,7.82398,7.81874,100.004,106.012,100,105.983,
7.78651,7.78021,0.954389,99.9951,105.967,100,105.925,
7.74124,7.73644,0.89578,99.9963,105.909,100,105.867,
0.850811,7.68908,7.68383,99.996,105.836,100,105.805,
7.64846,7.64261,0.771516,100.004,105.786,100,105.742,
0.724448,7.59509,7.58655,100.006,105.71,100,105.674,
7.55132,7.54563,0.644704,99.9957,105.656,100,105.617,
0.600634,7.50171,7.49586,100.004,105.587,100,105.556,
7.46543,7.46049,0.528834,99.9963,105.542,100,105.501,
7.41881,0.473222,7.40787,99.9919,105.473,100,105.437,
7.37744,0.417611,7.36755,99.9927,105.418,100,105.385,
0.368295,7.33008,7.32513,100.004,105.356,100,105.326,
7.2953,7.29035,0.298443,100.004,105.31,100,105.271,
7.25573,0.251226,7.24553,99.9926,105.251,100,105.216,
0.20161,7.21046,7.20551,100.004,105.191,100,105.161,
0.143001,7.16759,7.16294,100.003,105.132,100,105.101,
0.0812438,7.12397,7.11902,99.9965,105.071,100,105.038,
7.08574,7.07945,0.0212853,100.004,105.016,100,104.975,
0.0440695,7.03478,7.02968,100.004,104.945,100,104.913,
6.99671,0.111823,6.98756,99.9936,104.888,100,104.854,
6.95998,6.95563,0.171032,100.003,104.838,100,104.802,
6.92491,6.91981,0.222296,99.9965,104.787,100,104.75,
6.88953,0.266665,6.87889,99.9927,104.732,100,104.696,
6.85326,0.320478,6.84276,100.007,104.679,100,104.643,
6.81713,0.372492,6.80664,99.9929,104.626,100,104.591,
6.77726,6.77171,0.440845,99.9962,104.57,100,104.529,
0.487612,6.72974,6.72449,99.9965,104.502,100,104.467,
6.69571,0.553267,6.68642,100.006,104.446,100,104.41,
6.65629,0.612476,6.64715,99.9939,104.387,100,104.351,
0.663591,6.61327,6.60862,100.003,104.326,100,104.293,
0.723999,6.57445,6.56905,99.9965,104.266,100,104.232,
0.787255,6.53308,6.52828,99.9969,104.203,100,104.167,
6.4962,6.49156,0.865801,100.003,104.142,100,104.105,
6.46308,6.45858,0.919913,99.9971,104.09,100,104.051,
6.4241,6.42006,0.980022,100.003,104.028,100,103.991,
6.38798,6.38348,1.03878,99.9971,103.97,100,103.933,
1.08495,6.34526,6.34091,99.9972,103.906,100,103.87,
1.14416,6.30913,6.30419,100.003,103.846,100,103.811,
6.2805,6.27645,1.21311,100.003,103.795,100,103.758,
6.24752,6.24333,1.26872,100.003,103.74,100,103.703,
6.2129,1.31879,6.20346,99.9941,103.68,100,103.643,
1.3672,6.17527,6.17093,99.9973,103.624,100,103.588,
6.1462,1.43316,6.1366,99.9941,103.566,100,103.529,
6.10947,6.10527,1.50316,100.003,103.504,100,103.467,
6.07454,1.55742,6.06555,100.005,103.442,100,103.405,
6.03962,1.61978,6.03048,100.006,103.38,100,103.342,
6.00454,1.68199,5.99345,99.9933,103.316,100,103.269,
1.74119,5.96392,5.95987,99.9976,103.251,100,103.215,
5.93604,5.93259,1.81374,99.998,103.193,100,103.158,
5.90771,1.85946,5.89992,100.005,103.14,100,103.104,
1.91358,5.87218,5.86784,99.9974,103.08,100,103.042,
5.84745,1.97593,5.83906,100.005,103.024,100,102.986,
5.81792,5.81432,2.03874,100.002,102.967,100,102.934,
2.07876,5.78644,5.7833,100.002,102.914,100,102.879,
5.76201,2.14472,5.75377,100.005,102.855,100,102.818,
5.73323,5.72903,2.21082,100.002,102.796,100,102.759,
5.7052,2.25879,5.69831,99.9961,102.741,100,102.706,
2.3048,5.67672,5.67282,99.9978,102.689,100,102.65,
2.36881,5.64614,5.64314,99.9983,102.625,100,102.588,
5.62471,2.43222,5.61736,100.004,102.568,100,102.531,
5.59728,2.49143,5.59008,100.004,102.508,100,102.47,
2.54824,5.5655,5.55905,100.004,102.445,100,102.394,
5.53672,5.53372,2.63652,100.002,102.369,100,102.335,
5.51273,2.68524,5.50674,99.9967,102.315,100,102.278,
2.73711,5.48485,5.48215,99.9985,102.258,100,102.22,
2.79002,5.46342,5.46012,100.002,102.205,100,102.166,
5.44243,5.43973,2.86617,100.001,102.139,100,102.105,
2.90559,5.41785,5.4153,100.001,102.09,100,102.052,
5.40106,2.9636,5.39536,100.003,102.036,100,102,
5.38053,3.01951,5.37528,99.9972,101.98,100,101.946,
5.36074,5.35819,3.08232,99.9986,101.922,100,101.888,
3.12339,5.3381,5.33571,100.001,101.873,100,101.836,
3.17615,5.31952,5.31682,99.9986,101.819,100,101.78,
5.30378,5.30108,3.24645,99.9986,101.758,100,101.724,
5.28504,3.29427,5.28039,100.002,101.705,100,101.67,
5.26645,5.26376,3.36082,100.001,101.643,100,101.61,
5.24862,5.24652,3.41763,100.001,101.586,100,101.555,
5.23258,5.23033,3.4719,99.9988,101.531,100,101.499,
5.21579,5.21339,3.53111,99.9987,101.472,100,101.44,
5.20035,5.1981,3.58477,99.9988,101.418,100,101.387,
5.18371,5.18161,3.64593,100.001,101.357,100,101.319,
5.16632,5.16452,3.71398,100.001,101.289,100,101.256,
5.15133,5.14909,3.77634,100.001,101.226,100,101.194,
5.13784,3.8246,5.13425,99.9982,101.175,100,101.138,
3.88096,5.1221,5.12075,99.9993,101.117,100,101.08,
3.93313,5.11101,5.10906,100.001,101.064,100,101.021,
5.09962,4.00298,5.09692,99.9986,100.997,100,100.963,
4.0493,5.08793,5.08658,100.001,100.948,100,100.907,
5.07923,4.113,5.07684,99.9988,100.887,100,100.853,
5.07039,5.06889,4.17341,100.001,100.828,100,100.798,
5.06095,4.22423,5.0584,99.9987,100.776,100,100.738,
5.0515,4.28643,5.04925,100.001,100.713,100,100.675,
5.04326,5.04236,4.35389,99.9995,100.647,100,100.62,
4.39271,5.03576,5.03486,100,100.606,100,100.563,
5.02977,4.45851,5.02812,100.001,100.541,100,100.504,
4.50738,5.02332,5.02272,99.9997,100.491,100,100.451,
5.01913,5.01853,4.57423,99.9997,100.426,100,100.399,
5.01493,4.6219,5.01373,99.9994,100.378,100,100.342,
5.00983,4.69295,5.00878,100.001,100.307,100,100.259,
5.00578,4.76355,5.00518,99.9997,100.236,100,100.201,
4.81707,5.00294,5.00279,99.9999,100.182,100,100.14,
4.87388,5.00129,5.00114,99.9999,100.126,100,100.082,
5.00024,5.00024,4.94643,100,100.054,100,100.024,
4.99079,4.99979,4.99979,100,100.009,100,99.9648,
5.05225,5.00024,5.00039,99.9999,99.9478,100,99.9056,
5.00114,5.00129,5.12735,100,99.8722,100,99.8446,
5.16992,5.00294,5.00324,100,99.8303,100,99.7902,
5.00489,5.00533,5.24217,99.9998,99.7571,100,99.7279,
5.00818,5.29404,5.00908,100,99.706,100,99.6681,
5.01223,5.35744,5.01313,99.9995,99.6425,100,99.6074,
5.01643,5.01703,5.42115,99.9997,99.5779,100,99.5509,
5.46102,5.02167,5.02242,100,99.5398,100,99.4953,
5.51438,5.02722,5.02797,100,99.4868,100,99.442,
5.57299,5.03337,5.03426,99.9995,99.4281,100,99.3852,
5.03891,5.6343,5.04086,99.999,99.3655,100,99.329,
5.04731,5.69741,5.04925,100.001,99.3025,100,99.2674,
5.0554,5.0566,5.76141,100.001,99.2369,100,99.2102,
5.79978,5.06484,5.06589,99.9995,99.202,100,99.1573,
5.07354,5.07474,5.87563,100.001,99.1224,100,99.0945,
5.08388,5.08553,5.93724,99.9992,99.0603,100,99.0332,
5.97726,5.09572,5.09707,100.001,99.0246,100,98.9839,
6.02823,5.10607,5.10756,99.9992,98.974,100,98.9279,
5.11551,6.08908,5.11866,100.002,98.9108,100,98.8765,
5.1281,5.13275,6.16928,99.9976,98.8261,100,98.7859,
5.15013,6.26177,5.15883,99.9955,98.7359,100,98.6791,
6.33312,5.17652,5.17817,99.9991,98.6697,100,98.6264,
5.18836,5.19001,6.40072,100.001,98.5958,100,98.5705,
5.2029,5.2053,6.45558,100.001,98.5408,100,98.5149,
5.21924,5.22104,6.50999,100.001,98.487,100,98.4614,
5.23378,6.55646,5.23887,100.003,98.4432,100,98.406,
5.25161,5.25416,6.62107,100.001,98.3754,100,98.3495,
5.27035,5.27245,6.68222,99.9989,98.3136,100,98.2888,
6.7233,5.29134,5.29389,100.001,98.2809,100,98.2314,
5.30902,6.7924,5.31397,99.9974,98.2075,100,98.1716,
5.33031,5.33316,6.8624,100.002,98.1335,100,98.1007,
5.35279,6.91921,5.35789,100.003,98.0804,100,98.0454,
6.97317,5.37783,5.38008,99.9988,98.0308,100,97.9859,
7.02833,5.39896,5.40166,100.001,97.9766,100,97.9269,
7.08709,5.42115,5.42414,100.002,97.9178,100,97.8674,
5.43928,5.44183,7.1565,99.9986,97.8384,100,97.816,
5.46237,7.20746,5.46896,99.9964,97.7926,100,97.755,
7.26172,5.49115,5.4955,100.002,97.7444,100,97.6811,
7.33397,5.52053,5.52398,99.9981,97.6708,100,97.6234,
7.39348,5.54661,5.54946,100.002,97.6117,100,97.5642,
5.56775,7.45854,5.57449,99.9962,97.5408,100,97.5061,
5.59548,7.51939,5.60237,99.9961,97.4807,100,97.4433,
7.57246,5.6274,5.63055,99.9982,97.4343,100,97.3808,
5.65214,5.65543,7.64995,100.002,97.3444,100,97.3216,
5.67792,7.69687,5.68496,99.996,97.3037,100,97.2648,
5.70475,7.75353,5.71225,100.004,97.247,100,97.2088,
5.73503,5.73848,7.82233,99.998,97.1721,100,97.149,
5.76366,5.76801,7.88319,99.9975,97.11,100,97.0874,
5.79379,7.93476,5.80173,100.005,97.0654,100,97.0285,
5.82557,5.82901,8.00311,99.998,96.9908,100,96.9671,
5.85345,5.8569,8.05722,99.998,96.9364,100,96.9142,
8.10444,5.88882,5.89227,99.998,96.9017,100,96.8535,
5.91386,8.16575,5.92195,100.005,96.8342,100,96.7988,
5.94608,5.95013,8.23395,99.9976,96.7582,100,96.7372,
5.97996,5.98386,8.29436,99.9977,96.6987,100,96.6711,
6.01204,6.01564,8.35267,100.002,96.6399,100,96.6203,
6.04591,8.40543,6.05311,99.9956,96.5945,100,96.5586,
6.07769,6.08159,8.46869,100.002,96.5243,100,96.503,
8.521,6.12371,6.12761,100.002,96.4916,100,96.4157,
6.16358,6.16733,8.61828,99.9977,96.3738,100,96.3522,
6.19821,8.67,6.20675,100.005,96.3302,100,96.2945,
6.23149,8.72621,6.24093,100.006,96.2744,100,96.2359,
6.26581,8.78497,6.27586,100.006,96.2148,100,96.1773,
8.83428,6.30553,6.31003,99.9972,96.1744,100,96.1223,
6.33581,6.33986,8.90519,99.9974,96.0866,100,96.0657,
8.94851,6.37569,6.38018,99.9971,96.0602,100,96.0086,
9.01431,6.41961,6.42395,99.9972,95.9981,100,95.9263,
6.46457,9.10814,6.47672,100.008,95.8911,100,95.8435,
6.51029,9.18309,6.52768,100.011,95.8168,100,95.7615,
9.25115,6.568,6.5722,100.003,95.7583,100,95.7062,
6.59723,6.60143,9.3186,99.9972,95.6715,100,95.6527,
9.36087,6.63935,6.64505,99.9962,95.6493,100,95.5938,
6.67458,6.67878,9.43492,99.9972,95.556,100,95.5366,
6.714,6.7188,9.49488,99.9968,95.4957,100,95.4759,
6.74968,6.75402,9.54869,100.003,95.441,100,95.4239,
6.7891,6.79375,9.60775,99.9968,95.3815,100,95.3632,
6.83197,9.66321,6.84126,99.9936,95.3362,100,95.3021,
6.87184,6.87754,9.73006,99.9961,95.2587,100,95.2408,
6.91097,9.79257,6.9321,100.015,95.2013,100,95.1547,
9.85673,6.97542,6.98052,100.004,95.1537,100,95.1017,
9.90769,7.0123,7.01679,99.9968,95.1041,100,95.0491,
7.04527,9.97155,7.05622,100.008,95.0281,100.009,95,
7.08979,7.04752,9.99988,100.03,94.9969,100.07,95,
10.0003,7.13866,6.99776,100.1,94.9958,100.133,95,
6.96628,10.0011,7.18782,100.157,95.0075,100.193,95,
10.002,6.91951,7.23054,100.22,95.0041,100.25,95,
7.26307,10.0036,6.87304,100.276,94.9923,100.313,95,
7.31074,6.83452,10.0059,100.337,94.9961,100.376,95,
6.79809,10.008,7.36605,100.402,95.0077,100.438,95,
7.40053,10.0105,6.74713,100.462,94.9935,100.497,95,
10.0126,6.71745,7.44834,100.518,95.0048,100.548,95,
6.68357,10.0162,7.49136,100.573,95.0071,100.608,95,
6.64595,7.52944,10.0201,100.626,95.0028,100.665,95,
7.56586,10.0234,6.59918,100.685,94.9927,100.722,95,
6.57265,7.61263,10.0279,100.738,95.0017,100.778,95,
10.0311,7.6555,6.52678,100.8,94.9981,100.834,95,
6.4956,10.0369,7.70901,100.862,95.0071,100.896,95,
7.74454,10.0421,6.44674,100.921,94.9924,100.959,95,
10.0477,7.79835,6.40836,100.987,94.9985,101.019,95,
6.38588,10.0531,7.84257,101.036,95.0078,101.07,95,
7.87345,6.34781,10.0598,101.085,94.9943,101.125,95,
10.0646,7.92321,6.30673,101.15,94.9979,101.185,95,
10.0711,7.96624,6.27511,101.204,94.9992,101.235,95,
10.0771,8.00506,6.24468,101.254,94.9991,101.286,95,
8.04313,10.0852,6.2108,101.306,94.9922,101.344,95,
6.18592,8.09335,10.0937,101.362,95.0001,101.403,95,
6.14949,10.1014,8.14911,101.43,95.0075,101.464,95,
8.18269,6.11172,10.1105,101.48,94.9932,101.521,95,
10.1166,8.2329,6.07559,101.543,95,101.577,95,
8.27382,6.04681,10.1285,101.595,94.9924,101.638,95,
6.01399,8.33168,10.1387,101.662,95,101.701,95,
5.98311,10.1472,8.3834,101.724,95.0073,101.759,95,
8.42042,5.94563,10.1586,101.778,94.993,101.817,95,
8.46539,10.1675,5.91146,101.836,94.9927,101.876,95,
10.1766,5.88523,8.5243,101.901,95.0086,101.934,95,
8.56192,5.85255,10.191,101.953,94.9923,101.993,95,
5.82677,10.2009,8.62038,102.018,95.0073,102.052,95,
10.2117,8.6649,5.78824,102.079,95.0014,102.111,95,
5.76951,10.2238,8.71362,102.132,95.0081,102.165,95,
10.2348,8.75499,5.73278,102.189,95.0007,102.224,95,
10.2478,5.7064,8.8127,102.255,95.0096,102.286,95,
8.85242,10.264,5.67252,102.309,94.9922,102.35,95,
8.90399,5.64584,10.2818,102.37,94.9862,102.428,95,
8.9617,10.2943,5.61107,102.441,94.9926,102.483,95,
5.59128,10.3087,9.02405,102.509,95.0079,102.542,95,
10.3205,9.06378,5.5604,102.562,95.0022,102.594,95,
5.54271,10.3364,9.11669,102.62,95.0077,102.653,95,
5.51798,10.3511,9.16391,102.676,95.0068,102.71,95,
9.20138,10.3661,5.48785,102.727,94.9935,102.765,95,
9.2486,5.46746,10.383,102.782,94.9908,102.823,95,
5.44573,10.3976,9.3117,102.853,95.0073,102.885,95,
10.4116,5.4207,9.36027,102.912,95.0097,102.941,95,
10.4262,9.39819,5.39851,102.959,95.003,102.992,95,
5.38397,10.4428,9.44766,103.014,95.007,103.044,95,
10.4577,5.35999,9.49728,103.073,95.0101,103.103,95,
10.4747,9.54,5.33721,103.126,95.0028,103.162,95,
10.493,9.59291,5.31562,103.188,95.0036,103.225,95,
9.64043,5.29703,10.517,103.244,94.989,103.284,95,
10.531,9.69709,5.2753,103.31,95.003,103.347,95,
5.26181,9.74805,10.554,103.367,94.9968,103.404,95,
5.24382,9.79797,10.5732,103.425,94.9956,103.463,95,
5.22658,9.84773,10.5915,103.483,94.9967,103.518,95,
9.89165,5.20814,10.6113,103.536,94.9885,103.579,95,
9.94292,10.6285,5.19016,103.596,94.9934,103.635,95,
5.17832,10.6483,10.005,103.664,95.007,103.693,95,
10.6641,10.0454,5.16108,103.714,95.0052,103.749,95,
10.684,5.14909,10.1035,103.778,95.0149,103.812,95,
10.1445,5.13425,10.7117,103.828,94.9895,103.866,95,
10.1896,5.12195,10.7314,103.88,94.9869,103.923,95,
10.2417,10.7504,5.10831,103.94,94.9922,103.981,95,
10.7682,10.2973,5.09722,104.003,95.0053,104.038,95,
10.3403,10.7922,5.08643,104.052,94.9924,104.096,95,
10.3925,10.8143,5.07579,104.112,94.9935,104.155,95,
10.8346,10.4517,5.06589,104.179,95.0061,104.214,95,
10.4968,5.05735,10.8636,104.23,94.9862,104.274,95,
10.5452,5.04985,10.8843,104.285,94.9884,104.324,95,
10.5915,5.04251,10.9061,104.338,94.9859,104.382,95,
5.03666,10.9249,10.6524,104.405,95.0067,104.434,95,
5.02962,10.9492,10.7131,104.474,95.0149,104.512,95,
10.9766,10.7654,5.02092,104.534,95.0066,104.57,95,
10.9982,5.01703,10.8191,104.594,95.0151,104.623,95,
10.8603,5.01208,11.0312,104.641,94.9847,104.687,95,
10.9124,5.00848,11.0556,104.7,94.9857,104.743,95,
5.00593,10.9675,11.0784,104.761,94.9942,104.797,95,
11.0995,5.00294,11.0291,104.831,95.0136,104.86,95,
5.00144,11.0715,11.1302,104.878,94.9914,104.916,95,
11.1496,5.00024,11.1311,104.945,95.0139,104.974,95,
11.1763,11.1784,4.99979,104.998,95.0068,105.035,95,
11.2233,5.00024,11.2088,105.048,94.9846,105.093,95,
5.00114,11.2876,11.238,105.12,94.9918,105.159,95,
5.00279,11.2608,11.3459,105.185,95.0073,105.214,95,
5.00518,11.2888,11.3999,105.245,95.0067,105.274,95,
5.00833,11.4467,11.3196,105.297,94.9922,105.332,95,
11.4954,11.3452,5.01328,105.351,94.9925,105.394,95,
11.3704,5.01748,11.5639,105.427,95.0164,105.456,95,
11.4002,11.6126,5.02392,105.481,95.0082,105.518,95,
5.02782,11.4315,11.6708,105.546,95.0063,105.575,95,
11.7079,11.4584,5.03621,105.586,94.9926,105.633,95,
11.7655,5.04281,11.4928,105.65,94.9843,105.692,95,
5.0488,11.8199,11.5219,105.711,94.9846,105.758,95,
11.874,11.5492,5.06125,105.769,94.992,105.813,95,
11.5729,5.06889,11.9383,105.842,95.0177,105.87,95,
11.9793,11.6084,5.08058,105.885,94.9902,105.931,95,
12.0364,5.09033,11.643,105.948,94.9832,105.991,95,
12.0831,5.10037,11.6693,105.999,94.9836,106.042,95,
5.11026,12.1425,11.6999,106.066,94.9891,106.103,95,
5.12255,11.7258,12.2023,106.133,95.0074,106.161,95,
11.7517,12.2479,5.13919,106.18,95.0108,106.217,95,
11.785,12.3045,5.15403,106.242,95.0097,106.28,95,
5.16422,12.3565,11.8222,106.301,94.9913,106.333,95,
5.17906,11.85,12.418,106.369,95.0091,106.397,95,
12.4624,5.1984,11.889,106.414,94.9818,106.459,95,
12.5147,5.21489,11.9203,106.471,94.9812,106.517,95,
5.22868,12.5736,11.9506,106.538,94.99,106.572,95,
11.973,12.6232,5.24997,106.589,95.0102,106.631,95,
12.0061,12.679,5.26765,106.65,95.0106,106.684,95,
12.7209,12.0391,5.28549,106.694,94.994,106.743,95,
12.0677,5.30123,12.7873,106.771,95.018,106.799,95,
12.8272,5.32102,12.108,106.811,94.9821,106.854,95,
5.33736,12.8851,12.1393,106.877,94.9893,106.911,95,
12.9341,5.36239,12.1752,106.927,94.9788,106.975,95,
12.989,5.38382,12.2099,106.986,94.9766,107.037,95,
12.2357,5.40721,13.0605,107.067,95.0194,107.093,95,
5.42474,13.1029,12.2746,107.113,94.9892,107.147,95,
5.44528,12.3017,13.1607,107.178,95.0097,107.205,95,
5.47016,13.2083,12.342,107.227,94.9865,107.263,95,
5.4931,13.2618,12.375,107.285,94.9884,107.319,95,
5.51678,12.4036,13.3187,107.348,95.0062,107.374,95,
5.54166,13.3679,12.4426,107.4,94.9887,107.431,95,
13.4082,12.4688,5.57029,107.438,94.9933,107.483,95,
12.4994,5.59308,13.4758,107.516,95.0205,107.542,95,
12.5331,5.61856,13.5281,107.572,95.021,107.599,95,
13.5706,12.5746,5.65064,107.612,94.9923,107.662,95,
13.6251,5.67327,12.6133,107.673,94.9819,107.716,95,
5.69816,12.6454,13.6923,107.75,95.0068,107.773,95,
13.7344,12.6812,5.73323,107.788,94.9938,107.834,95,
12.7122,13.7945,5.76201,107.854,95.0143,107.892,95,
12.7505,5.78884,13.8663,107.938,95.0318,107.973,95,
13.9171,12.8029,5.83186,107.984,94.9933,108.031,95,
13.9733,5.86004,12.8463,108.046,94.9771,108.093,95,
5.88583,12.8818,14.0513,108.14,95.01,108.172,95,
5.92645,12.9256,14.1115,108.201,95.0059,108.224,95,
5.95867,14.1613,12.9678,108.252,94.986,108.284,95,
5.98955,12.9987,14.2199,108.317,95.0074,108.341,95,
14.2593,13.0348,6.02868,108.349,94.993,108.397,95,
13.0645,6.05566,14.3242,108.426,95.0246,108.453,95,
6.08774,13.111,14.3855,108.494,95.0105,108.525,95,
6.12656,14.441,13.1601,108.55,94.9849,108.583,95,
6.16133,14.4986,13.2002,108.612,94.9841,108.646,95,
6.19656,13.2343,14.5611,108.681,95.0063,108.704,95,
13.267,14.6084,6.23973,108.724,95.0157,108.761,95,
14.6564,13.3099,6.27466,108.772,94.9938,108.819,95,
13.3412,14.7132,6.30673,108.835,95.0139,108.871,95,
14.7589,6.33656,13.3866,108.884,94.9787,108.927,95,
13.4147,14.8177,6.37554,108.946,95.0153,108.985,95,
6.40177,13.4566,14.8787,109.02,95.0098,109.043,95,
13.4905,6.44359,14.9336,109.075,95.0272,109.101,95,
13.5317,6.48256,14.9908,109.135,95.0266,109.162,95,
6.51494,15.0392,13.5825,109.187,94.9826,109.219,95,
13.6119,15.094,6.56171,109.239,95.0157,109.277,95,
6.58674,15.1454,13.6618,109.3,94.9738,109.342,95,
6.63036,13.6981,15.2151,109.377,95.0092,109.4,95,
15.2549,13.738,6.67773,109.406,94.992,109.455,95,
15.3095,13.7786,6.717,109.463,94.9899,109.514,95,
15.3642,6.75148,13.8233,109.524,94.9738,109.573,95,
6.78235,13.8567,15.4317,109.607,95.006,109.629,95,
6.82133,13.8961,15.4849,109.663,95.0054,109.684,95,
6.86135,13.9362,15.5469,109.731,95.0176,109.758,95,
13.9798,6.91426,15.6057,109.787,95.0238,109.81,95,
6.94589,14.0211,15.6544,109.841,95.0061,109.86,95,
6.97947,15.695,14.061,109.881,94.9811,109.914,95,
14.088,15.7479,7.02833,109.93,95.0226,109.968,95,
14.1282,15.7989,7.05726,109.99,95.01,110,95.021,
14.1153,15.7965,7.03298,110.003,95.0255,110,95.0832,
6.99851,14.0649,15.7751,109.994,95.1094,110,95.1454,
14.0315,15.7604,6.95099,110.004,95.147,110,95.1996,
15.7445,6.91561,13.9802,110.003,95.2411,110,95.2591,
6.88009,15.725,13.9392,109.997,95.3006,110,95.3183,
13.9047,15.7055,6.82687,110.003,95.3295,110,95.3802,
15.6904,13.859,6.7858,110.007,95.4047,110,95.441,
15.6727,6.75103,13.8125,110.003,95.482,110,95.5014,
13.7795,6.70891,15.6508,109.997,95.5104,110,95.5624,
6.67578,15.6358,13.7293,109.996,95.6029,110,95.6216,
6.6392,15.6211,13.692,109.997,95.6579,110,95.6756,
15.6067,6.59693,13.6518,110.003,95.7173,110,95.7358,
15.5913,6.55976,13.6149,110.003,95.7693,110,95.7878,
15.5763,13.5807,6.51869,110.006,95.8121,110,95.8458,
6.48886,15.5576,13.5347,109.997,95.8883,110,95.9086,
6.45048,15.5417,13.4947,109.997,95.9469,110,95.967,
15.5297,13.464,6.40746,110.006,95.9835,110,96.0208,
6.38153,15.5132,13.4166,109.997,96.0686,110,96.0902,
6.33626,13.3772,15.4931,109.994,96.1143,110,96.1497,
6.30404,15.4817,13.3376,109.997,96.182,110,96.2011,
13.3115,15.4687,6.26401,110.002,96.2062,110,96.2553,
15.4571,13.2712,6.23119,110.005,96.275,110,96.3079,
15.4432,6.19896,13.227,110.003,96.3507,110,96.3716,
6.16748,13.1922,15.4246,109.994,96.3944,110,96.4341,
15.4149,13.1534,6.12521,110.005,96.4557,110,96.4889,
13.1207,15.4,6.09103,110.003,96.4978,110,96.5499,
13.0825,6.0624,15.3834,109.995,96.5549,110,96.6225,
6.02508,13.03,15.3686,109.995,96.6465,110,96.6838,
12.9974,15.3576,5.98296,110.003,96.6895,110,96.7436,
12.9606,5.95703,15.3441,109.998,96.7486,110,96.7942,
5.93019,15.3338,12.9163,109.998,96.8316,110,96.8525,
15.3228,5.89527,12.8755,110.002,96.8994,110,96.9218,
15.3083,12.8376,5.85345,110.004,96.95,110,96.9855,
15.2963,5.82497,12.7948,110.002,97.0246,110,97.0474,
15.2852,5.79619,12.7571,110.002,97.0874,110,97.1116,
12.7278,5.76306,15.2701,109.998,97.1196,110,97.1682,
15.2627,12.6899,5.73353,110.004,97.1878,110,97.2235,
12.659,5.70895,15.2495,109.998,97.2319,110,97.28,
15.2419,12.6186,5.67747,110.004,97.3046,110,97.3398,
12.5892,15.2302,5.65079,110.001,97.3458,110,97.3952,
12.5546,5.6283,15.2197,109.998,97.4042,110,97.4508,
5.60642,15.2116,12.5132,109.998,97.4833,110,97.5055,
12.4871,15.202,5.57344,110.002,97.5155,110,97.5662,
15.1938,12.4481,5.54916,110.003,97.5866,110,97.6224,
15.1842,12.4122,5.52263,110.003,97.6468,110,97.6832,
15.1752,12.3769,5.49774,110.003,97.7067,110,97.7424,
5.48051,15.1655,12.3372,109.998,97.7807,110,97.8058,
15.1574,5.45128,12.3005,110.001,97.8429,110,97.8662,
15.1485,5.42729,12.2666,110.001,97.8997,110,97.9222,
12.2426,15.1398,5.40241,110.001,97.9318,110,97.9829,
12.2083,15.132,5.38023,110.002,97.992,110,98.0424,
15.125,5.36089,12.1647,110.001,98.0773,110,98.1025,
5.3441,15.1173,12.1338,109.999,98.1318,110,98.1567,
5.32282,15.1098,12.0998,109.999,98.1915,110,98.2165,
15.1043,12.0741,5.30018,110.002,98.2331,110,98.2697,
5.28489,15.0965,12.0359,109.999,98.3054,110,98.3307,
5.266,12.0055,15.0889,109.997,98.357,110,98.3929,
5.24622,11.9718,15.0823,109.998,98.4176,110,98.454,
15.0784,5.22853,11.9385,110.001,98.482,110,98.5066,
15.0722,5.21099,11.9046,110.001,98.5443,110,98.57,
15.0665,11.8779,5.19315,110.002,98.5899,110,98.625,
11.853,5.18026,15.0602,109.999,98.6328,110,98.6813,
11.8208,15.0557,5.16333,110.001,98.6936,110,98.7405,
11.789,15.0506,5.14849,110.001,98.7533,110,98.8012,
5.13769,15.0458,11.7489,109.999,98.8351,110,98.8616,
5.12405,11.7208,15.0407,109.998,98.8862,110,98.9206,
11.6963,15.0371,5.10951,110,98.9309,110,98.9747,
5.10007,11.6613,15.0326,109.998,99.0009,110,99.0372,
11.6363,5.08808,15.029,109.999,99.0477,110,99.0913,
5.07923,11.6042,15.0256,109.998,99.1126,110,99.1497,
15.0232,11.5757,5.06739,110.001,99.169,110,99.2053,
5.06095,11.5477,15.0196,109.999,99.2251,110,99.2612,
11.523,5.05075,15.0166,109.999,99.2725,110,99.3207,
15.0145,5.04281,11.4844,110,99.354,110,99.3814,
5.03651,11.4612,15.0115,109.999,99.3996,110,99.4383,
11.4362,5.02917,15.0094,109.999,99.4501,110,99.4954,
15.0076,5.02287,11.3996,110,99.5278,110,99.5534,
11.3791,5.01763,15.0057,110,99.569,110,99.6123,
11.3528,5.01328,15.0042,110,99.6242,110,99.6698,
15.0033,5.00983,11.3205,110,99.6945,110,99.7218,
15.0022,11.2963,5.00608,110,99.7457,110,99.7804,
11.2753,5.00399,15.0012,110,99.7904,110,99.8339,
5.00234,11.2473,15.0006,110,99.8518,110,99.8866,
5.00084,15.0001,11.2188,110,99.9144,110,99.9416,
5.00009,11.1901,15,110,99.9783,110,100.031,
11.1605,5.00024,15,110,100.044,110,100.088,
5.00084,15.0003,11.1292,110,100.115,110,100.143,
11.1091,15.0007,5.00294,110,100.161,110,100.205,
11.0824,15.0016,5.00548,110,100.223,110,100.265,
5.00788,11.0541,15.0028,110,100.289,110,100.328,
15.0037,11.0304,5.01223,109.999,100.345,110,100.38,
11.0088,5.01613,15.0055,110,100.397,110,100.441,
10.9848,5.02092,15.0072,110,100.455,110,100.496,
5.02572,15.0088,10.9562,110,100.522,110,100.552,
5.03142,10.9376,15.0109,110.001,100.569,110,100.604,
10.9174,15.013,5.04011,109.999,100.621,110,100.663,
10.8933,5.04671,15.0159,110,100.681,110,100.722,
10.8729,15.018,5.05525,109.999,100.733,110,100.774,
10.8487,15.0213,5.06484,109.999,100.795,110,100.838,
15.0239,5.07354,10.8197,109.999,100.866,110,100.898,
10.8026,5.08388,15.0284,110,100.915,110,100.956,
15.031,5.09377,10.7744,109.999,100.985,110,101.026,
15.0358,5.10816,10.7506,109.999,101.051,110,101.082,
15.04,10.7315,5.1221,109.998,101.105,110,101.139,
10.7131,15.0451,5.13529,109.999,101.159,110,101.2,
5.14429,10.6916,15.0499,110.002,101.217,110,101.254,
10.6743,5.15943,15.0545,110.001,101.269,110,101.31,
15.0583,5.17457,10.6485,109.999,101.337,110,101.368,
5.18716,10.6318,15.0649,110.002,101.389,110,101.426,
10.6142,5.20515,15.0703,110.001,101.444,110,101.482,
10.5948,5.22179,15.076,110.001,101.503,110,101.541,
5.23588,10.5743,15.0821,110.003,101.563,110,101.606,
10.5546,15.0881,5.26106,109.999,101.626,110,101.665,
5.2753,10.5334,15.0956,110.002,101.69,110,101.726,
5.29568,10.5139,15.1028,110.003,101.753,110,101.79,
15.108,5.31802,10.493,109.999,101.816,110,101.85,
15.1157,5.33945,10.4744,109.999,101.878,110,101.912,
10.4619,15.1238,5.36344,109.998,101.93,110,101.971,
15.131,10.4415,5.38577,109.997,101.995,110,102.03,
10.429,5.40211,15.14,110.002,102.044,110,102.082,
5.4204,15.1464,10.4094,110.002,102.104,110,102.138,
10.3976,5.44633,15.1554,110.001,102.157,110,102.194,
15.1623,5.47076,10.3758,109.998,102.225,110,102.264,
15.1713,5.49639,10.3604,109.998,102.285,110,102.32,
5.51798,15.1813,10.3448,110.001,102.345,110,102.381,
10.3323,15.1917,5.55156,109.998,102.405,110,102.442,
15.1999,5.57494,10.3138,109.998,102.469,110,102.504,
15.2103,10.3006,5.60672,109.996,102.529,110,102.567,
15.2196,10.2877,5.63115,109.996,102.584,110,102.618,
15.2287,5.65289,10.2736,109.998,102.639,110,102.671,
5.67567,10.2626,15.2411,110.004,102.693,110,102.73,
5.70445,15.2504,10.2471,110.002,102.756,110,102.796,
5.73623,10.2346,15.2639,110.004,102.82,110,102.855,
5.76711,10.2213,15.2759,110.005,102.883,110,102.931,
5.80203,10.2079,15.289,110.004,102.951,110,102.988,
15.298,5.83741,10.1941,109.998,103.013,110,103.047,
5.86424,10.1839,15.3125,110.004,103.072,110,103.107,
10.1754,5.89602,15.3233,110.002,103.124,110,103.159,
5.9194,15.3323,10.1637,110.002,103.176,110,103.209,
5.94803,10.1555,15.345,110.005,103.229,110,103.264,
5.98131,15.3563,10.1439,110.002,103.29,110,103.324,
10.1363,15.3695,6.02208,109.998,103.35,110,103.386,
6.04726,10.1256,15.3841,110.005,103.409,110,103.445,
10.1177,6.08489,15.3991,110.005,103.471,110,103.523,
6.12161,15.412,10.1048,110.003,103.54,110,103.576,
10.0994,6.15669,15.4264,110.003,103.594,110,103.631,
6.18697,10.0904,15.4395,110.005,103.651,110,103.685,
10.0843,6.22354,15.4528,110.003,103.707,110,103.742,
15.4625,10.0762,6.26132,109.994,103.762,110,103.799,
15.4757,6.29025,10.0688,109.997,103.815,110,103.852,
15.4901,10.0631,6.33027,109.994,103.874,110,103.912,
10.057,15.5078,6.36744,109.997,103.938,110,103.97,
10.0513,6.39787,15.5239,110.003,103.993,110,104.028,
10.0453,6.43639,15.5396,110.003,104.055,110,104.089,
10.0403,15.5522,6.47492,109.997,104.109,110,104.144,
6.50265,15.5672,10.0342,110.003,104.163,110,104.199,
6.53742,10.0302,15.5841,110.006,104.22,110,104.255,
15.597,6.58224,10.0252,109.997,104.279,110,104.316,
6.61777,15.6159,10.0209,110.003,104.341,110,104.379,
6.65704,15.6324,10.0171,110.003,104.4,110,104.44,
15.6471,10.0143,6.70471,109.994,104.461,110,104.495,
6.73229,15.6649,10.0113,110.003,104.513,110,104.552,
6.77411,15.6827,10.0084,110.003,104.575,110,104.614,
6.81488,10.0065,15.7028,110.007,104.638,110,104.675,
15.7147,10.0045,6.8618,109.993,104.693,110,104.727,
6.89268,15.7346,10.0029,110.003,104.749,110,104.788,
10.0018,6.9375,15.7541,110.003,104.812,110,104.844,
15.7679,6.97947,10.0006,109.996,104.866,110,104.907,
7.01304,15.7877,10.0002,110.003,104.921,110,104.961,
15.8045,9.99988,7.06491,109.993,104.985,110,105.018,
7.09384,15.8238,10,110.003,105.036,110,105.076,
15.8427,10.0005,7.1562,109.989,105.109,110,105.159,
15.8685,7.20296,10.0017,109.996,105.181,110,105.221,
10.0026,7.24778,15.8951,110.006,105.254,110,105.294,
7.29335,15.9143,10.0051,110.004,105.313,110,105.352,
10.0066,7.34192,15.9368,110.004,105.381,110,105.413,
7.37969,15.9541,10.0096,110.004,105.43,110,105.471,
10.0119,15.9755,7.4356,109.996,105.501,110,105.533,
7.47008,10.0155,15.9992,110.009,105.558,110,105.594,
16.0146,7.52029,10.0194,109.996,105.612,110,105.654,
16.0368,7.56706,10.0234,109.996,105.675,110,105.716,
7.60798,16.0617,10.0279,110.005,105.737,110,105.779,
16.0795,10.0318,7.66359,109.991,105.8,110,105.837,
10.036,16.1028,7.70646,109.995,105.862,110,105.893,
10.0412,16.1243,7.75278,109.994,105.922,110,105.954,
10.0462,7.78846,16.148,110.005,105.978,110,106.009,
7.82473,16.1651,10.0532,110.004,106.02,110,106.062,
7.87045,10.0586,16.1903,110.009,106.086,110,106.121,
7.91572,16.2098,10.066,110.005,106.138,110,106.181,
16.2296,10.0723,7.97508,109.99,106.205,110,106.243,
8.0118,16.2567,10.0807,110.005,106.261,110,106.302,
16.2741,10.0867,8.06547,109.99,106.321,110,106.358,
16.2957,8.10249,10.0951,109.995,106.369,110,106.41,
16.3177,8.14626,10.103,109.995,106.424,110,106.469,
16.3418,10.1105,8.20202,109.989,106.494,110,106.531,
8.23335,10.119,16.3697,110.009,106.548,110,106.583,
8.28072,10.1282,16.3946,110.011,106.61,110,106.647,
16.4123,8.33423,10.1394,109.995,106.66,110,106.705,
10.1465,8.3837,16.4429,110.004,106.738,110,106.766,
16.4615,8.43091,10.1598,109.995,106.781,110,106.822,
8.46884,10.1685,16.4901,110.01,106.842,110,106.879,
8.51216,16.5091,10.1795,110.005,106.888,110,106.93,
8.55848,10.1887,16.5363,110.01,106.954,110,106.99,
10.1989,16.5581,8.61888,109.994,107.021,110,107.048,
16.5806,10.2123,8.6673,109.99,107.073,110,107.108,
16.6055,10.2244,8.71527,109.989,107.131,110,107.168,
10.2355,8.75904,16.638,110.005,107.201,110,107.228,
8.80371,10.2508,16.665,110.011,107.253,110,107.29,
16.6826,10.2629,8.86082,109.99,107.308,110,107.343,
10.2727,16.7074,8.90189,109.995,107.366,110,107.392,
16.7266,10.2856,8.94611,109.987,107.411,110,107.448,
16.7539,8.98838,10.3019,109.995,107.461,110,107.504,
9.0326,16.7885,10.3193,110.013,107.523,110,107.586,
16.8154,9.10425,10.3361,109.993,107.599,110,107.644,
10.3481,16.8465,9.16016,109.995,107.677,110,107.702,
9.19778,10.3653,16.8771,110.012,107.728,110,107.765,
10.3797,16.9017,9.26194,109.994,107.799,110,107.826,
9.29432,16.927,10.3986,110.007,107.832,110,107.881,
10.41,16.9534,9.35697,109.993,107.912,110,107.938,
10.4262,9.39774,16.9868,110.012,107.973,110,108.008,
9.45216,10.4485,17.017,110.012,108.029,110,108.064,
9.49728,17.039,10.4668,110.006,108.071,110,108.121,
9.54599,17.0658,10.4833,110.006,108.128,110,108.176,
17.0892,10.4978,9.60655,109.988,108.196,110,108.232,
17.1177,9.65077,10.5188,109.994,108.243,110,108.293,
10.5328,9.70278,17.1538,110.005,108.326,110,108.349,
9.74086,17.1754,10.5545,110.006,108.354,110,108.405,
17.2,10.5702,9.80306,109.987,108.424,110,108.462,
17.2279,9.84518,10.5908,109.994,108.47,110,108.517,
10.6035,9.89105,17.261,110.005,108.545,110,108.569,
10.6234,9.94157,17.2926,110.01,108.608,110,108.636,
17.3138,10.6464,10.0014,109.987,108.655,110,108.691,
